{"1,0,0,0,0,0,0,0,0":0,"0,0,0,1,0,0,0,0,0":0,"0,0,0,0,0,0,1,0,0":0,"0,1,0,0,0,0,0,0,0":0,"0,0,0,0,1,0,0,0,0":0,"0,0,0,0,0,0,0,1,0":0,"0,0,1,0,0,0,0,0,0":0,"0,0,0,0,0,1,0,0,0":0,"0,0,0,0,0,0,0,0,1":0,"1,0,0,0,-1,0,0,0,1":0,"0,0,0,1,-1,0,0,0,1":0,"0,0,0,0,-1,0,1,0,1":0,"0,1,0,0,-1,0,0,0,1":0,"0,0,0,0,-1,0,0,1,1":0,"0,0,1,0,-1,0,0,0,1":0,"0,0,0,0,-1,1,0,0,1":0,"1,0,-1,0,-1,1,0,0,1":0,"0,0,-1,1,-1,1,0,0,1":0,"0,0,-1,0,-1,1,1,0,1":0,"0,1,-1,0,-1,1,0,0,1":0,"0,0,-1,0,-1,1,0,1,1":0,"0,0,-1,0,-1,1,0,0,1":0,"0,0,0,0,-1,0,0,0,1":0.0001141043556800839,"0,0,0,0,0,0,0,0,0":0.007612537952914759,"1,0,-1,0,1,0,0,0,0":0,"0,0,-1,1,1,0,0,0,0":0,"0,0,-1,0,1,0,1,0,0":0,"0,1,-1,0,1,0,0,0,0":0,"0,0,-1,0,1,0,0,1,0":0,"0,0,-1,0,1,1,0,0,0":0,"0,0,-1,0,1,0,0,0,1":0,"1,0,-1,-1,1,1,0,0,0":0,"0,0,-1,-1,1,1,1,0,0":0,"0,1,-1,-1,1,1,0,0,0":0,"0,0,-1,-1,1,1,0,1,0":0,"0,0,-1,-1,1,1,0,0,1":0,"-1,0,-1,-1,1,1,1,0,1":0,"-1,1,-1,-1,1,1,0,0,1":0,"-1,0,-1,-1,1,1,0,1,1":0,"-1,1,-1,-1,1,1,1,-1,1":0,"-1,0,-1,-1,1,1,1,-1,1":0.032400000000000005,"-1,0,-1,-1,1,1,0,0,1":0.0032400000000000007,"0,0,-1,-1,1,1,0,0,0":0.0005832000000000002,"0,0,-1,0,1,0,0,0,0":0.00010497600000000003,"1,0,0,0,0,0,0,-1,1":0,"0,0,0,1,0,0,0,-1,1":0,"0,0,0,0,0,0,1,-1,1":0,"0,1,0,0,0,0,0,-1,1":0,"0,0,0,0,1,0,0,-1,1":0,"0,0,1,0,0,0,0,-1,1":0,"0,0,0,0,0,1,0,-1,1":0,"1,0,-1,0,0,1,0,-1,1":0,"0,0,-1,1,0,1,0,-1,1":0,"0,0,-1,0,0,1,1,-1,1":0,"0,1,-1,0,0,1,0,-1,1":0,"0,0,-1,0,1,1,0,-1,1":0,"1,0,-1,1,-1,1,0,-1,1":0,"1,0,-1,0,-1,1,1,-1,1":0,"1,1,-1,0,-1,1,0,-1,1":0,"1,0,-1,0,-1,1,0,-1,1":0,"0,0,-1,0,0,1,0,-1,1":0.02735060567040001,"0,0,0,0,0,0,0,-1,1":0.05089304841250408,"1,0,-1,-1,1,1,0,-1,1":0,"0,0,-1,-1,1,1,1,-1,1":0,"0,1,-1,-1,1,1,0,-1,1":0,"-1,1,-1,-1,1,1,0,-1,1":0.04392000000000001,"0,0,-1,-1,1,1,0,-1,1":0.04556632320000001,"1,0,0,0,-1,0,0,1,0":0,"0,0,0,1,-1,0,0,1,0":0,"0,0,0,0,-1,0,1,1,0":0,"0,1,0,0,-1,0,0,1,0":0,"0,0,1,0,-1,0,0,1,0":0,"0,0,0,0,-1,1,0,1,0":0,"1,1,0,-1,-1,0,0,1,0":0,"0,1,0,-1,-1,0,1,1,0":0,"0,1,1,-1,-1,0,0,1,0":0,"0,1,0,-1,-1,1,0,1,0":0,"0,1,0,-1,-1,0,0,1,1":0,"0,1,0,-1,-1,0,0,1,0":0,"0,0,0,0,-1,0,0,1,0":0.00030367457280000007,"1,-1,-1,-1,1,1,1,-1,1":0,"0,-1,-1,-1,1,1,1,-1,1":0.16200000000000003,"0,0,-1,1,-1,1,1,-1,1":0,"0,1,-1,1,-1,1,0,-1,1":0,"0,0,-1,1,-1,1,0,-1,1":0,"1,0,0,0,-1,0,-1,1,1":0,"0,0,0,1,-1,0,-1,1,1":0,"0,1,0,0,-1,0,-1,1,1":0,"0,0,1,0,-1,0,-1,1,1":0,"0,0,0,0,-1,1,-1,1,1":0,"0,0,0,0,-1,0,-1,1,1":0.0016870809600000002,"1,0,1,0,-1,-1,0,0,1":0,"0,0,1,1,-1,-1,0,0,1":0,"0,0,1,0,-1,-1,1,0,1":0,"0,1,1,0,-1,-1,0,0,1":0,"0,0,1,0,-1,-1,0,1,1":0,"1,0,1,0,-1,-1,-1,1,1":0,"0,0,1,1,-1,-1,-1,1,1":0,"0,1,1,0,-1,-1,-1,1,1":0,"-1,1,1,1,-1,-1,-1,1,1":0,"-1,1,1,0,-1,-1,-1,1,1":0.04392000000000001,"0,0,1,0,-1,-1,-1,1,1":0.014644800000000003,"0,0,1,0,-1,-1,0,0,1":0.0019828800000000007,"1,0,1,0,-1,0,0,0,0":0,"0,0,1,1,-1,0,0,0,0":0,"0,0,1,0,-1,0,1,0,0":0,"0,1,1,0,-1,0,0,0,0":0,"0,0,1,0,-1,1,0,0,0":0,"0,0,1,0,-1,0,0,0,0":0.00035691840000000015,"1,-1,0,0,0,1,0,-1,1":0,"0,-1,0,1,0,1,0,-1,1":0,"0,-1,0,0,0,1,1,-1,1":0,"0,-1,0,0,1,1,0,-1,1":0,"0,-1,1,0,0,1,0,-1,1":0,"0,-1,0,0,0,1,0,-1,1":0.16200000000000003,"1,0,0,0,0,-1,0,0,1":0,"0,0,0,1,0,-1,0,0,1":0,"0,0,0,0,0,-1,1,0,1":0,"0,1,0,0,0,-1,0,0,1":0,"0,0,0,0,1,-1,0,0,1":0,"0,0,0,0,0,-1,0,1,1":0,"0,0,1,0,0,-1,0,0,1":0,"1,0,0,0,0,-1,1,-1,1":0,"0,0,0,1,0,-1,1,-1,1":0,"0,1,0,0,0,-1,1,-1,1":0,"0,0,0,0,1,-1,1,-1,1":0,"0,0,1,0,0,-1,1,-1,1":0,"1,0,1,0,-1,-1,1,-1,1":0,"0,0,1,1,-1,-1,1,-1,1":0,"0,1,1,0,-1,-1,1,-1,1":0,"-1,1,1,1,-1,-1,1,-1,1":0,"-1,1,1,0,-1,-1,1,-1,1":0.018000000000000002,"0,0,1,0,-1,-1,1,-1,1":0.0032400000000000007,"0,0,0,0,0,-1,1,-1,1":0.0005832000000000002,"0,0,0,0,0,-1,0,0,1":0.00010497600000000003,"1,0,0,0,-1,0,1,0,0":0,"0,0,0,1,-1,0,1,0,0":0,"0,1,0,0,-1,0,1,0,0":0,"0,0,0,0,-1,1,1,0,0":0,"1,0,-1,0,0,0,0,0,1":0,"0,0,-1,1,0,0,0,0,1":0,"0,0,-1,0,0,0,1,0,1":0,"0,1,-1,0,0,0,0,0,1":0,"0,0,-1,0,0,0,0,1,1":0,"0,0,-1,0,0,1,0,0,1":0,"0,0,-1,0,0,0,0,0,1":0,"1,1,-1,0,-1,0,0,0,1":0,"0,1,-1,1,-1,0,0,0,1":0,"0,1,-1,0,-1,0,1,0,1":0,"0,1,-1,0,-1,0,0,1,1":0,"0,1,-1,0,-1,0,0,0,1":0,"1,0,0,0,-1,1,0,0,0":0,"0,0,0,1,-1,1,0,0,0":0,"0,1,0,0,-1,1,0,0,0":0,"0,0,0,0,-1,1,0,0,0":0,"1,0,0,0,-1,0,1,-1,1":0,"0,0,0,1,-1,0,1,-1,1":0,"0,1,0,0,-1,0,1,-1,1":0,"0,0,1,0,-1,0,1,-1,1":0,"0,0,0,0,-1,1,1,-1,1":0,"0,0,0,0,-1,0,1,-1,1":0,"0,0,0,0,-1,0,1,0,0":0,"1,0,0,1,-1,0,0,0,0":0,"1,1,0,0,-1,0,0,0,0":0,"1,-1,0,1,-1,0,0,0,1":0,"1,-1,0,0,-1,0,1,0,1":0,"1,-1,0,0,-1,0,0,1,1":0,"1,-1,1,0,-1,0,0,0,1":0,"1,-1,0,0,-1,1,0,0,1":0,"1,-1,-1,1,-1,1,0,0,1":0,"1,-1,-1,0,-1,1,1,0,1":0,"1,-1,-1,0,-1,1,0,1,1":0,"1,-1,-1,0,-1,1,0,0,1":0,"1,-1,0,0,-1,0,0,0,1":0,"1,0,0,0,-1,0,0,0,0":0,"1,0,-1,0,-1,1,1,0,0":0,"0,0,-1,1,-1,1,1,0,0":0,"0,1,-1,0,-1,1,1,0,0":0,"0,0,-1,0,-1,1,1,1,0":0,"1,-1,-1,1,-1,1,1,0,0":0,"1,-1,-1,0,-1,1,1,1,0":0,"1,-1,-1,0,-1,1,1,0,0":0,"0,0,-1,0,-1,1,1,0,0":0,"1,0,0,1,-1,0,0,-1,1":0,"1,1,0,0,-1,0,0,-1,1":0,"1,0,1,0,-1,0,0,-1,1":0,"1,0,0,0,-1,1,0,-1,1":0,"1,0,0,0,-1,0,0,-1,1":0}