{"1,0,0,0,0,0,0,0,0":0,"0,0,0,1,0,0,0,0,0":0,"0,0,0,0,0,0,1,0,0":0,"0,1,0,0,0,0,0,0,0":0,"0,0,0,0,1,0,0,0,0":0,"0,0,0,0,0,0,0,1,0":0,"0,0,1,0,0,0,0,0,0":0,"0,0,0,0,0,1,0,0,0":0,"0,0,0,0,0,0,0,0,1":0,"1,0,0,0,-1,0,0,0,1":0,"0,0,0,1,-1,0,0,0,1":0,"0,0,0,0,-1,0,1,0,1":0,"0,1,0,0,-1,0,0,0,1":0,"0,0,0,0,-1,0,0,1,1":0,"0,0,1,0,-1,0,0,0,1":0,"0,0,0,0,-1,1,0,0,1":0,"1,0,-1,0,-1,1,0,0,1":0,"0,0,-1,1,-1,1,0,0,1":0,"0,0,-1,0,-1,1,1,0,1":0,"0,1,-1,0,-1,1,0,0,1":0,"0,0,-1,0,-1,1,0,1,1":0,"0,0,-1,0,-1,1,0,0,1":0.0012130560000000001,"0,0,0,0,-1,0,0,0,1":0.0003394849043904686,"0,0,0,0,0,0,0,0,0":0.00044526584092602134,"1,0,-1,0,1,0,0,0,0":0,"0,0,-1,1,1,0,0,0,0":0,"0,0,-1,0,1,0,1,0,0":0,"0,1,-1,0,1,0,0,0,0":0,"0,0,-1,0,1,0,0,1,0":0,"0,0,-1,0,1,1,0,0,0":0,"0,0,-1,0,1,0,0,0,1":0,"1,0,-1,-1,1,1,0,0,0":0,"0,0,-1,-1,1,1,1,0,0":0,"0,1,-1,-1,1,1,0,0,0":0,"0,0,-1,-1,1,1,0,1,0":0,"0,0,-1,-1,1,1,0,0,1":0,"-1,0,-1,-1,1,1,1,0,1":0,"-1,1,-1,-1,1,1,0,0,1":0,"-1,0,-1,-1,1,1,0,1,1":0,"-1,1,-1,-1,1,1,1,-1,1":0,"-1,0,-1,-1,1,1,1,-1,1":0.032400000000000005,"-1,0,-1,-1,1,1,0,0,1":0.0032400000000000007,"0,0,-1,-1,1,1,0,0,0":0.0005832000000000002,"0,0,-1,0,1,0,0,0,0":0.00010497600000000003,"1,0,0,0,0,0,0,-1,1":0,"0,0,0,1,0,0,0,-1,1":0,"0,0,0,0,0,0,1,-1,1":0,"0,1,0,0,0,0,0,-1,1":0,"0,0,0,0,1,0,0,-1,1":0,"0,0,1,0,0,0,0,-1,1":0,"0,0,0,0,0,1,0,-1,1":0,"1,0,-1,0,0,1,0,-1,1":0,"0,0,-1,1,0,1,0,-1,1":0,"0,0,-1,0,0,1,1,-1,1":0,"0,1,-1,0,0,1,0,-1,1":0,"0,0,-1,0,1,1,0,-1,1":0,"1,0,-1,1,-1,1,0,-1,1":0,"1,0,-1,0,-1,1,1,-1,1":0,"1,1,-1,0,-1,1,0,-1,1":0,"1,0,-1,0,-1,1,0,-1,1":0,"0,0,-1,0,0,1,0,-1,1":0.02735060567040001,"0,0,0,0,0,0,0,-1,1":0.05089304841250408,"1,0,-1,-1,1,1,0,-1,1":0,"0,0,-1,-1,1,1,1,-1,1":0,"0,1,-1,-1,1,1,0,-1,1":0,"-1,1,-1,-1,1,1,0,-1,1":0.04392000000000001,"0,0,-1,-1,1,1,0,-1,1":0.04556632320000001,"1,0,0,0,-1,0,0,1,0":0,"0,0,0,1,-1,0,0,1,0":0,"0,0,0,0,-1,0,1,1,0":0,"0,1,0,0,-1,0,0,1,0":0,"0,0,1,0,-1,0,0,1,0":0,"0,0,0,0,-1,1,0,1,0":0,"1,1,0,-1,-1,0,0,1,0":0,"0,1,0,-1,-1,0,1,1,0":0,"0,1,1,-1,-1,0,0,1,0":0,"0,1,0,-1,-1,1,0,1,0":0,"0,1,0,-1,-1,0,0,1,1":0,"0,1,0,-1,-1,0,0,1,0":0,"0,0,0,0,-1,0,0,1,0":0.00024293965824000006,"1,-1,-1,-1,1,1,1,-1,1":0,"0,-1,-1,-1,1,1,1,-1,1":0.16200000000000003,"0,0,-1,1,-1,1,1,-1,1":0,"0,1,-1,1,-1,1,0,-1,1":0,"0,0,-1,1,-1,1,0,-1,1":0,"1,0,0,0,-1,0,-1,1,1":0,"0,0,0,1,-1,0,-1,1,1":0,"0,1,0,0,-1,0,-1,1,1":0,"0,0,1,0,-1,0,-1,1,1":0,"0,0,0,0,-1,1,-1,1,1":0,"0,0,0,0,-1,0,-1,1,1":0.0013496647680000002,"1,0,1,0,-1,-1,0,0,1":0,"0,0,1,1,-1,-1,0,0,1":0,"0,0,1,0,-1,-1,1,0,1":0,"0,1,1,0,-1,-1,0,0,1":0,"0,0,1,0,-1,-1,0,1,1":0,"1,0,1,0,-1,-1,-1,1,1":0,"0,0,1,1,-1,-1,-1,1,1":0,"0,1,1,0,-1,-1,-1,1,1":0,"-1,1,1,1,-1,-1,-1,1,1":0,"-1,1,1,0,-1,-1,-1,1,1":0.04392000000000001,"0,0,1,0,-1,-1,-1,1,1":0.014955840000000003,"0,0,1,0,-1,-1,0,0,1":0.004278355200000001,"1,0,1,0,-1,0,0,0,0":0,"0,0,1,1,-1,0,0,0,0":0,"0,0,1,0,-1,0,1,0,0":0,"0,1,1,0,-1,0,0,0,0":0,"0,0,1,0,-1,1,0,0,0":0,"0,0,1,0,-1,0,0,0,0":0.0008445109248000002,"1,-1,0,0,0,1,0,-1,1":0,"0,-1,0,1,0,1,0,-1,1":0,"0,-1,0,0,0,1,1,-1,1":0,"0,-1,0,0,1,1,0,-1,1":0,"0,-1,1,0,0,1,0,-1,1":0,"0,-1,0,0,0,1,0,-1,1":0.16200000000000003,"1,0,0,0,0,-1,0,0,1":0,"0,0,0,1,0,-1,0,0,1":0,"0,0,0,0,0,-1,1,0,1":0,"0,1,0,0,0,-1,0,0,1":0,"0,0,0,0,1,-1,0,0,1":0,"0,0,0,0,0,-1,0,1,1":0,"0,0,1,0,0,-1,0,0,1":0,"1,0,0,0,0,-1,1,-1,1":0,"0,0,0,1,0,-1,1,-1,1":0,"0,1,0,0,0,-1,1,-1,1":0,"0,0,0,0,1,-1,1,-1,1":0,"0,0,1,0,0,-1,1,-1,1":0,"1,0,1,0,-1,-1,1,-1,1":0,"0,0,1,1,-1,-1,1,-1,1":0,"0,1,1,0,-1,-1,1,-1,1":0,"-1,1,1,1,-1,-1,1,-1,1":0,"-1,1,1,0,-1,-1,1,-1,1":0.018000000000000002,"0,0,1,0,-1,-1,1,-1,1":0.0032400000000000007,"0,0,0,0,0,-1,1,-1,1":0.0005832000000000002,"0,0,0,0,0,-1,0,0,1":0.00010497600000000003,"1,0,0,0,-1,0,1,0,0":0,"0,0,0,1,-1,0,1,0,0":0,"0,1,0,0,-1,0,1,0,0":0,"0,0,0,0,-1,1,1,0,0":0,"1,0,-1,0,0,0,0,0,1":0,"0,0,-1,1,0,0,0,0,1":0,"0,0,-1,0,0,0,1,0,1":0,"0,1,-1,0,0,0,0,0,1":0,"0,0,-1,0,0,0,0,1,1":0,"0,0,-1,0,0,1,0,0,1":0,"0,0,-1,0,0,0,0,0,1":0,"1,1,-1,0,-1,0,0,0,1":0,"0,1,-1,1,-1,0,0,0,1":0,"0,1,-1,0,-1,0,1,0,1":0,"0,1,-1,0,-1,0,0,1,1":0,"0,1,-1,0,-1,0,0,0,1":0.0005832000000000002,"1,0,0,0,-1,1,0,0,0":0,"0,0,0,1,-1,1,0,0,0":0,"0,1,0,0,-1,1,0,0,0":0,"0,0,0,0,-1,1,0,0,0":0.00027293760000000005,"1,0,0,0,-1,0,1,-1,1":0,"0,0,0,1,-1,0,1,-1,1":0,"0,1,0,0,-1,0,1,-1,1":0,"0,0,1,0,-1,0,1,-1,1":0,"0,0,0,0,-1,1,1,-1,1":0,"0,0,0,0,-1,0,1,-1,1":0.00046656000000000014,"0,0,0,0,-1,0,1,0,0":0.00016796160000000004,"1,0,0,1,-1,0,0,0,0":0,"1,1,0,0,-1,0,0,0,0":0,"1,-1,0,1,-1,0,0,0,1":0,"1,-1,0,0,-1,0,1,0,1":0,"1,-1,0,0,-1,0,0,1,1":0,"1,-1,1,0,-1,0,0,0,1":0,"1,-1,0,0,-1,1,0,0,1":0,"1,-1,-1,1,-1,1,0,0,1":0,"1,-1,-1,0,-1,1,1,0,1":0,"1,-1,-1,0,-1,1,0,1,1":0,"1,-1,-1,0,-1,1,0,0,1":0,"1,-1,0,0,-1,0,0,0,1":0,"1,0,0,0,-1,0,0,0,0":0,"1,0,-1,0,-1,1,1,0,0":0,"0,0,-1,1,-1,1,1,0,0":0,"0,1,-1,0,-1,1,1,0,0":0,"0,0,-1,0,-1,1,1,1,0":0,"1,-1,-1,1,-1,1,1,0,0":0,"1,-1,-1,0,-1,1,1,1,0":0,"1,-1,-1,0,-1,1,1,0,0":0,"0,0,-1,0,-1,1,1,0,0":0,"1,0,0,1,-1,0,0,-1,1":0,"1,1,0,0,-1,0,0,-1,1":0,"1,0,1,0,-1,0,0,-1,1":0,"1,0,0,0,-1,1,0,-1,1":0,"1,0,0,0,-1,0,0,-1,1":0,"1,0,0,0,1,0,0,-1,0":0,"0,0,0,1,1,0,0,-1,0":0,"0,0,0,0,1,0,1,-1,0":0,"0,1,0,0,1,0,0,-1,0":0,"0,0,1,0,1,0,0,-1,0":0,"0,0,0,0,1,1,0,-1,0":0,"-1,0,0,1,1,0,0,-1,1":0,"-1,0,0,0,1,0,1,-1,1":0,"-1,1,0,0,1,0,0,-1,1":0,"-1,0,1,0,1,0,0,-1,1":0,"-1,0,0,0,1,1,0,-1,1":0,"-1,0,0,-1,1,1,1,-1,1":0,"-1,1,0,-1,1,1,0,-1,1":0,"-1,0,1,-1,1,1,0,-1,1":0,"-1,0,0,-1,1,1,0,-1,1":0.16200000000000003,"-1,0,0,0,1,0,0,-1,1":0.05508000000000001,"0,0,0,0,1,0,0,-1,0":0.014580000000000003,"1,0,0,-1,0,0,0,1,0":0,"0,0,0,-1,0,0,1,1,0":0,"0,1,0,-1,0,0,0,1,0":0,"0,0,0,-1,1,0,0,1,0":0,"0,0,1,-1,0,0,0,1,0":0,"0,0,0,-1,0,1,0,1,0":0,"0,0,0,-1,0,0,0,1,1":0,"1,0,1,-1,0,-1,0,1,0":0,"0,0,1,-1,0,-1,1,1,0":0,"0,1,1,-1,0,-1,0,1,0":0,"0,0,1,-1,1,-1,0,1,0":0,"0,0,1,-1,0,-1,0,1,1":0,"1,0,1,-1,0,-1,-1,1,1":0,"0,1,1,-1,0,-1,-1,1,1":0,"0,0,1,-1,1,-1,-1,1,1":0,"1,-1,1,-1,1,-1,-1,1,1":0,"0,-1,1,-1,1,-1,-1,1,1":0.16200000000000003,"0,0,1,-1,0,-1,-1,1,1":0.05508000000000001,"0,0,1,-1,0,-1,0,1,0":0.014580000000000003,"0,0,0,-1,0,0,0,1,0":0.003464208000000001,"1,0,-1,1,-1,0,0,0,1":0,"1,0,-1,0,-1,0,1,0,1":0,"1,0,-1,0,-1,0,0,1,1":0,"1,0,-1,0,-1,0,0,0,1":0,"1,1,-1,0,-1,0,1,-1,1":0,"0,1,-1,1,-1,0,1,-1,1":0,"0,1,-1,0,-1,1,1,-1,1":0,"1,1,-1,-1,-1,1,1,-1,1":0,"0,1,-1,-1,-1,1,1,-1,1":0.018000000000000002,"0,1,-1,0,-1,0,1,-1,1":0.0032400000000000007,"-1,1,-1,1,-1,1,1,-1,1":0,"-1,1,-1,0,-1,1,1,-1,1":0.032400000000000005,"0,0,-1,0,-1,1,1,-1,1":0.008424000000000001,"0,1,0,1,-1,0,0,-1,1":0,"0,0,1,1,-1,0,0,-1,1":0,"0,0,0,1,-1,1,0,-1,1":0,"1,1,0,1,-1,0,-1,-1,1":0,"1,0,1,1,-1,0,-1,-1,1":0,"1,0,0,1,-1,1,-1,-1,1":0,"1,0,0,1,-1,0,-1,-1,1":0,"0,0,0,1,-1,0,0,-1,1":0,"1,0,0,0,-1,0,1,1,-1":0,"0,0,0,1,-1,0,1,1,-1":0,"0,1,0,0,-1,0,1,1,-1":0,"0,0,1,0,-1,0,1,1,-1":0,"0,0,0,0,-1,1,1,1,-1":0,"0,0,0,0,-1,0,1,1,-1":0,"1,-1,1,1,-1,-1,-1,1,1":0,"1,-1,1,0,-1,-1,-1,1,1":0.018000000000000002,"1,0,1,0,-1,1,0,0,-1":0,"0,0,1,1,-1,1,0,0,-1":0,"0,0,1,0,-1,1,1,0,-1":0,"0,1,1,0,-1,1,0,0,-1":0,"0,0,1,0,-1,1,0,1,-1":0,"0,0,1,0,-1,1,0,0,-1":0}